arm,index_bytes,bytes_per_fact,build_s
rag,3244032,2049.2937460518006,3.311
graph,159744,100.91219204042956,0.029
hybrid,4001792,2527.979785217941,2.956
